spamdata_untroubled/2017-10/11/1509644351.4177_953.txt,Subject: =?UTF-8?B?5piO5pel44Gu5aSp5rCX5LqI5aCx?=," From: =?UTF-8?B?44Kk44Oz44OV44Kp44Oh44O844K344On44Oz?= <info@ud87axc6.com> Date: Thu, 02 Nov 2017 19:21:17 +0900 Message-ID: <0f7b264b9ea8c474d52b67ccf9faa4c277c26d2c> Content-Type: text/plain; charset=UTF-8 Content-Transfer-Encoding: 7bit MIME-Version: 1.0  http://ud87axc6.com/EP/w5mVwG "
spamdata_untroubled/2017-10/11/1510871670.12248_315.txt,Subject: Ear Doctors Share Life Changing Tinnitus TRICK!," To: <bruce@untroubled.org> Message-ID: <XqeuwSq8-J9iAPFXz3ADsOnh7JiXGPVeNhNCV6c8dKs.NGc8teF709XKGwteKNaaQiLKW2fUlONQPtHMRlLSlhc@sikkimbe.date> Content-Type: multipart/alternative;  boundary=""------------02949358175913404752639"" Content-Length: 12092  This is a multi-part message in MIME format. --------------02949358175913404752639 Content-Type: text/plain; charset=ISO-8859-1 Content-Transfer-Encoding: 7bit  The Next Gen ATP Finals in posting Milan this week has delivered on its unintended promise to be different from as dynamics usual. Whether that is for the better rem or worse is still up for debate. directive The event, created this year to showcase licensee young talent in mens , featured seven colonize players born in 1996 or later who transitional earned the most ranking points during the unaware and one Italian wild card from aladdin the same age range. It is a nut lucrative . There are no ranking points hickory awarded, but players receive $50,000 for participating. mann An undefeated champion would earn $390,000. Eligible absorption players quickly bought into the concept when bong it was announced, with many contenders closely tongs tracking the standings week to week. But acre the best young was lured away tucker by his own success. Third-ranked Alexander Zverev, homeopathic 20, twice a champion at the Masters bridge level this year, withdrew from the event thistle to focus on the ATP Finals, which oran begin Sunday in London. His withdrawal left legitimate <http://hue.sikkimbe.date/unszvge/wxo153994rzeaeda/YzjBsQJHCMqJguCWOiXc7fy-Ej8pOurZIBQr3iEoSq0/DOAHM_NoBT0iHS5v2Y3N1fmS2Ahz5fEb37331cwpsi-dqIRVXfgzKDvuYa0HdprHZayH4BgOoZqg185QAdz5RkOmUWbOnPPJak7T_xd00vgmJvDmnLhge7zvXiV2F-yU>  For decades doctors believed tinnitus was an ear problem.  They were WRONG!  Studies performed at leading universities around the world revealed that tinnitus is actually a brain problem that destroys the auditory cortex.  A study done by neuroscientist Winfried Schlee at the University of Konstanz in Germany used MEG (magnetoencephalography) to scan the brains of tinnitus-strickenpatients..    What they found was quite disturbing:  tinnitus doesnt fry just the auditory cortex. It sends ripples out across the entire brain which over-stimulates neurons. <http://hue.sikkimbe.date/unszvge/wxo153994rzeaeda/YzjBsQJHCMqJguCWOiXc7fy-Ej8pOurZIBQr3iEoSq0/DOAHM_NoBT0iHS5v2Y3N1fmS2Ahz5fEb37331cwpsi-dqIRVXfgzKDvuYa0HdprHZayH4BgOoZqg185QAdz5RkOmUWbOnPPJak7T_xd00vgmJvDmnLhge7zvXiV2F-yU>  This leads tinnitus sufferers to develop life-threatening diseases such as Alzheimers, dementia, diabetes, hypertension and even cancer.  Even with this undeniable proof in hand, the medical community still views tinnitus as a minor condition.   <http://hue.sikkimbe.date/unszvge/wxo153994rzeaeda/YzjBsQJHCMqJguCWOiXc7fy-Ej8pOurZIBQr3iEoSq0/DOAHM_NoBT0iHS5v2Y3N1fmS2Ahz5fEb37331cwpsi-dqIRVXfgzKDvuYa0HdprHZayH4BgOoZqg185QAdz5RkOmUWbOnPPJak7T_xd00vgmJvDmnLhge7zvXiV2F-yU>  But luckily, a rogue researcher broke the status quo and developed a """"brain hack&quot; to neutralize tinnitus once and for all.  And hes freely sharing it with the world. <http://hue.sikkimbe.date/unszvge/wxo153994rzeaeda/YzjBsQJHCMqJguCWOiXc7fy-Ej8pOurZIBQr3iEoSq0/DOAHM_NoBT0iHS5v2Y3N1fmS2Ahz5fEb37331cwpsi-dqIRVXfgzKDvuYa0HdprHZayH4BgOoZqg185QAdz5RkOmUWbOnPPJak7T_xd00vgmJvDmnLhge7zvXiV2F-yU>  Find out the details here: <http://hue.sikkimbe.date/unszvge/wxo153994rzeaeda/YzjBsQJHCMqJguCWOiXc7fy-Ej8pOurZIBQr3iEoSq0/DOAHM_NoBT0iHS5v2Y3N1fmS2Ahz5fEb37331cwpsi-dqIRVXfgzKDvuYa0HdprHZayH4BgOoZqg185QAdz5RkOmUWbOnPPJak7T_xd00vgmJvDmnLhge7zvXiV2F-yU>    Eliminate Your Tinnitus Within 10Days <http://hue.sikkimbe.date/unszvge/wxo153994rzeaeda/YzjBsQJHCMqJguCWOiXc7fy-Ej8pOurZIBQr3iEoSq0/DOAHM_NoBT0iHS5v2Y3N1fmS2Ahz5fEb37331cwpsi-dqIRVXfgzKDvuYa0HdprHZayH4BgOoZqg185QAdz5RkOmUWbOnPPJak7T_xd00vgmJvDmnLhge7zvXiV2F-yU>    To discontinue getting notifications from this listsimply continue here <http://hue.sikkimbe.date/unszvge/wxo126178rzeaeda/YzjBsQJHCMqJguCWOiXc7fy-Ej8pOurZIBQr3iEoSq0/DOAHM_NoBT0iHS5v2Y3N1fmS2Ahz5fEb37331cwpsi-dqIRVXfgzKDvuYa0HdprHZayH4BgOoZqg185QAdz5RkOmUWbOnPPJak7T_xd00vgmJvDmnLhge7zvXiV2F-yU>.Direct Digital 550 South Caldwell Street Suite 700 Charlotte, NC 28202   Option-out from all future messages from this listby going here. <http://hue.sikkimbe.date/jyxegofl/Uy-F2ViXvz7eghLnmDvJmgv00dx_T7kaJPPnObWUmOkR5zdAQ581gqZoOgB4HyaZHrpdH0aYuvDKzgfXVRIqd-ispwc13373bEf5zhA2Smf1N3Y2v5SHi0TBoN_MHAOD.0qSoEi3rQBIZruOp8jE-yf7cXiOWCugJqMCHJQsBjzY>    Mailing List Manager Attention: 4BS.48 Box 4668 New York, NY 10163       http://hue.sikkimbe.date/unszvge/wxo1rzeaeda/YzjBsQJHCMqJguCWOiXc7fy-Ej8pOurZIBQr3iEoSq0/DOAHM_NoBT0iHS5v2Y3N1fmS2Ahz5fEb37331cwpsi-dqIRVXfgzKDvuYa0HdprHZayH4BgOoZqg185QAdz5RkOmUWbOnPPJak7T_xd00vgmJvDmnLhge7zvXiV2F-yU  --------------02949358175913404752639 Content-Type: text/html; charset=ISO-8859-1 Content-Transfer-Encoding: 7bit  <html> <head>  <meta http-equiv=""content-type"" content=""text/html; charset=ISO-8859-1""> </head> <body>  <center><span style=""color:#800000;""><span style=""font-size:0.015px;"">The Next Gen ATP Finals in posting Milan this week has delivered on its unintended promise to be different from as dynamics usual. Whether that is for the better rem or worse is still up for debate. directive The event, created this year to showcase licensee young talent in mens , featured seven colonize players born in 1996 or later who transitional earned the most ranking points during the unaware and one Italian wild card from aladdin the same age range. It is a nut lucrative . There are no ranking points hickory awarded, but players receive $50,000 for participating. mann An undefeated champion would earn $390,000. Eligible absorption players quickly bought into the concept when bong it was announced, with many contenders closely tongs tracking the standings week to week. But acre the best young was lured away tucker by his own success. Third-ranked Alexander Zverev, homeopathic 20, twice a champion at the Masters bridge level this year, withdrew from the event thistle to focus on the ATP Finals, which oran begin Sunday in London. His withdrawal left legitimate</span></span>      <div style=""background-color: #FFFFFF; width: 680px"">   <table align=""center"" width=""683"">   	<tbody>   		<tr>   			<td colspan=""2"" style=""font-family: Georgia, 'Times New Roman', Times, serif""><span style=""font-size:14px;""><a href=""http://hue.sikkimbe.date/unszvge/wxo153994rzeaeda/YzjBsQJHCMqJguCWOiXc7fy-Ej8pOurZIBQr3iEoSq0/DOAHM_NoBT0iHS5v2Y3N1fmS2Ahz5fEb37331cwpsi-dqIRVXfgzKDvuYa0HdprHZayH4BgOoZqg185QAdz5RkOmUWbOnPPJak7T_xd00vgmJvDmnLhge7zvXiV2F-yU"" rel=""nofollow"" target=""_blank""><img src=""http://hue.sikkimbe.date/dlika/ktxtwm127610rin/.jpg"" style=""width: 450px; height: 225px;"" /></a></span>      			<p style=""padding-left: 20px""><span style=""font-size:18px;"">For decades doctors believed tinnitus was an ear problem.<br />   			<br />   			They were WRONG!<br />   			<br />   			Studies performed at leading universities around the world revealed that tinnitus is actually a brain problem that destroys the auditory cortex.<br />   			<br />   			A study done by neuroscientist Winfried Schlee at the University of Konstanz in Germany used MEG (magnetoencephalography) to scan the brains of tinnitus-strickenpatients..</span></p>   			</td>   		</tr>   		<tr>   			<td style=""font-family: Georgia, 'Times New Roman', Times, serif"" width=""365"">   			<p style=""padding-left: 20px""><span style=""font-size:18px;""><a href=""http://hue.sikkimbe.date/unszvge/wxo153994rzeaeda/YzjBsQJHCMqJguCWOiXc7fy-Ej8pOurZIBQr3iEoSq0/DOAHM_NoBT0iHS5v2Y3N1fmS2Ahz5fEb37331cwpsi-dqIRVXfgzKDvuYa0HdprHZayH4BgOoZqg185QAdz5RkOmUWbOnPPJak7T_xd00vgmJvDmnLhge7zvXiV2F-yU"" rel=""nofollow"" style=""text-decoration: none; color: #333333"" target=""_blank""><b style=""color: #0000CC"">What they found was quite disturbing:</b><br />   			<br />   			tinnitus doesn&rsquo;t fry just the auditory cortex.<br />   			It sends ripples out across the entire brain which over-stimulates neurons.</a><br />   			<br />   			This leads tinnitus sufferers to develop life-threatening diseases such as Alzheimer&rsquo;s, dementia, diabetes, hypertension and even cancer.<br />   			<br />   			Even with this undeniable proof in hand, the medical community still views tinnitus as a minor condition.</span></p>   			</td>   			<td width=""306""><span style=""font-size:18px;""><a href=""http://hue.sikkimbe.date/unszvge/wxo153994rzeaeda/YzjBsQJHCMqJguCWOiXc7fy-Ej8pOurZIBQr3iEoSq0/DOAHM_NoBT0iHS5v2Y3N1fmS2Ahz5fEb37331cwpsi-dqIRVXfgzKDvuYa0HdprHZayH4BgOoZqg185QAdz5RkOmUWbOnPPJak7T_xd00vgmJvDmnLhge7zvXiV2F-yU"" rel=""nofollow"" style=""color: #0000FF"" target=""_blank""><img alt=""Tinitus Destroyer"" src=""http://hue.sikkimbe.date/dlika/ktxtwm127612rin/.jpg"" style=""width: 350px; height: 261px;"" /></a></span></td>   		</tr>   		<tr>   			<td colspan=""2"" style=""font-family: Georgia, 'Times New Roman', Times, serif"">   			<p style=""padding-left: 20px""><span style=""font-size:18px;""><a href=""http://hue.sikkimbe.date/unszvge/wxo153994rzeaeda/YzjBsQJHCMqJguCWOiXc7fy-Ej8pOurZIBQr3iEoSq0/DOAHM_NoBT0iHS5v2Y3N1fmS2Ahz5fEb37331cwpsi-dqIRVXfgzKDvuYa0HdprHZayH4BgOoZqg185QAdz5RkOmUWbOnPPJak7T_xd00vgmJvDmnLhge7zvXiV2F-yU"" rel=""nofollow"" style=""color: #0000FF; text-decoration: none"" target=""_blank"">&nbsp;<b>But luckily, a rogue researcher broke the status quo and developed a &quot;brain hack&quot; to neutralize tinnitus once and for all.</b><br />   			<br />   			<b style=""color: #333333"">And he&rsquo;s freely sharing it with the world.</b></a><br />   			<br />   			<a href=""http://hue.sikkimbe.date/unszvge/wxo153994rzeaeda/YzjBsQJHCMqJguCWOiXc7fy-Ej8pOurZIBQr3iEoSq0/DOAHM_NoBT0iHS5v2Y3N1fmS2Ahz5fEb37331cwpsi-dqIRVXfgzKDvuYa0HdprHZayH4BgOoZqg185QAdz5RkOmUWbOnPPJak7T_xd00vgmJvDmnLhge7zvXiV2F-yU"" rel=""nofollow"" style=""color: #0000FF; text-decoration: none"" target=""_blank""><b>Find out the details here:</b></a></span></p>   			</td>   		</tr>   		<tr>   			<td colspan=""2"" style=""color: rgb(255, 255, 255); background-color: rgb(212, 0, 0); font-size: 26px; padding-left: 25px; text-align: center;"">   			<p><u><b><a href=""http://hue.sikkimbe.date/unszvge/wxo153994rzeaeda/YzjBsQJHCMqJguCWOiXc7fy-Ej8pOurZIBQr3iEoSq0/DOAHM_NoBT0iHS5v2Y3N1fmS2Ahz5fEb37331cwpsi-dqIRVXfgzKDvuYa0HdprHZayH4BgOoZqg185QAdz5RkOmUWbOnPPJak7T_xd00vgmJvDmnLhge7zvXiV2F-yU""><span style=""color:#FFFFFF;"">Eliminate Your Tinnitus Within 10&nbsp;Days&nbsp;</span></a></b></u></p><br /> <img src=""http://hue.sikkimbe.date/Hku6oyznz/YzjBsQJHCMqJguCWOiXc7fy-Ej8pOurZIBQr3iEoSq0/DOAHM_NoBT0iHS5v2Y3N1fmS2Ahz5fEb37331cwpsi-dqIRVXfgzKDvuYa0HdprHZayH4BgOoZqg185QAdz5RkOmUWbOnPPJak7T_xd00vgmJvDmnLhge7zvXiV2F-yU"" >   			</td>   		</tr>   	</tbody>   </table>   </div>      <center>   <center>&nbsp;</center>      <center>&nbsp;</center>      <center>&nbsp;</center>      <center>&nbsp;</center>      <center>To discontinue getting notifications from this list&nbsp;<a href=""http://hue.sikkimbe.date/unszvge/wxo126178rzeaeda/YzjBsQJHCMqJguCWOiXc7fy-Ej8pOurZIBQr3iEoSq0/DOAHM_NoBT0iHS5v2Y3N1fmS2Ahz5fEb37331cwpsi-dqIRVXfgzKDvuYa0HdprHZayH4BgOoZqg185QAdz5RkOmUWbOnPPJak7T_xd00vgmJvDmnLhge7zvXiV2F-yU"">simply continue here</a>.</center>      <center>Direct Digital<br />   550 South Caldwell Street Suite 700<br />   Charlotte, NC 28202<br />   &nbsp;</center>      <center>   <p>Option-out from all future messages from this list&nbsp;<a href=""http://hue.sikkimbe.date/jyxegofl/Uy-F2ViXvz7eghLnmDvJmgv00dx_T7kaJPPnObWUmOkR5zdAQ581gqZoOgB4HyaZHrpdH0aYuvDKzgfXVRIqd-ispwc13373bEf5zhA2Smf1N3Y2v5SHi0TBoN_MHAOD.0qSoEi3rQBIZruOp8jE-yf7cXiOWCugJqMCHJQsBjzY"">by going here.</a></p>      <p>Mailing List Manager<br />   Attention: 4BS.48<br />   Box 4668 New York, NY 10163</p>      <p>&nbsp;</p>   </center>      <center><a href=""http://hue.sikkimbe.date/ahzetbjfvn/Uy-F2ViXvz7eghLnmDvJmgv00dx_T7kaJPPnObWUmOkR5zdAQ581gqZoOgB4HyaZHrpdH0aYuvDKzgfXVRIqd-ispwc13373bEf5zhA2Smf1N3Y2v5SHi0TBoN_MHAOD.0qSoEi3rQBIZruOp8jE-yf7cXiOWCugJqMCHJQsBjzY"" style=""text-align: -webkit-center;""><img alt="""" src=""http://hue.sikkimbe.date/dlika/ktxtwm127611rin/.jpg"" style=""width: 150px; height: 63px;"" /></a></center>   </center>      <center>&nbsp;</center>   </center>     </body> </html>  --------------02949358175913404752639--"
spamdata_untroubled/2017-10/11/1509568203.17404_8333.txt,Subject: =?UTF-8?B?44GZ44GQ44Gr5Y+X44GR5Y+W44KM44KL44Gu44Gn5pmC6ZaT44Gv44GL?=," 	=?UTF-8?B?44GL44KK44G+44Gb44KT44KI77yf?= From: sena <mailmaster@fut-----ure2o50.com> Date: Wed, 01 Nov 2017 11:34:09 +0900 Message-ID: <uGXOFQINnOWhmhqvJPIqtTHGQi@DFybhJvktcUgJtcznlVWYCokLf> Content-Type: text/plain; charset=UTF-8 Content-Transfer-Encoding: 7bit MIME-Version: 1.0  http://fut-----ure2o50.com/Gn1JX8S5 "
spamdata_untroubled/2017-10/11/1509568198.17404_5621.txt,Subject: =?UTF-8?B?5LuK44Gv6YqA6KGM44Gr44GK44KK44G+44GZ44CCNeWIhuOBp+OAkA==?=," 	=?UTF-8?B?MzLlhITlhobjgJHjgYrlvJXjgY3lh7rjgZfjgafjgY3jgb7jgZnjgYvjgok=?= From: SENAsama <mailmaster@fut-----ure2o50.com> Date: Tue, 31 Oct 2017 08:06:11 +0900 Message-ID: <qfEjLlxWJY@ITlwgedDAE> Content-Type: text/plain; charset=UTF-8 Content-Transfer-Encoding: 7bit MIME-Version: 1.0  http://fut-----ure2o50.com/aElEz/Lp/ "
spamdata_untroubled/2017-10/11/1510868199.30126_375.txt,Subject: =?UTF-8?B?6LK05pa544Gu5Y+j5bqn44Gr44CMMeWEhOWGhuOAjeOBruOAjOi/lA==?=," 	=?UTF-8?B?5riI5LiN6KaB44Gu5pSv5o+06YeR44CN44KS5oyv44KK6L6844G/44G+44GZ?= From: =?UTF-8?B?44GK55+l44KJ44Gb?= <mailmaster@y5dtzfa4.com> Date: Thu, 16 Nov 2017 19:34:29 +0900 Message-ID: <d9b6207376320e82c771f7e4a948596821c31307> Content-Type: text/html; charset=utf-8 Content-Transfer-Encoding: BASE64 MIME-Version: 1.0  PGEgaHJlZj0iaHR0cDovL3k1ZHR6ZmE0LmNvbS9sb2dfaW5kZXgucGhwP3BhZ2U9bWVzc19taXJ1 JnM9MTUxMDgyODQ0OCZjaWQ9MTIzOTcmbWlkPTIxMDY0MTcmZGR2PTEwMDAxNjZkYjUxNTk4MDk1 YmY1YTIwNmVhOTRiNGQ2Ij5odHRwOi8veTVkdHpmYTQuY29tL0x3L3R3bGZ0Vy9aeDJTbGQ8L2E+ PGJyPg0K44CKw5fihpHiiqXigLB9 "
spamdata_untroubled/2017-10/11/1510780775.12248_55.txt,Subject: Missing teeth? Learn About dental implant choices.," Diamagnet: 11083313-f8f706c3938feec43d1f111ad3c0a047_14736777 Mime-Version: 1.0 Content-Length: 2137   <!DOCTYPE html>  <html lang=""en""> <head> <meta content=""text/html; charset=utf-8"" http-equiv=""content-type"" /> <meta http-equiv=""Content-Language"" content=""en-us""/>  </head> <body style=""background-color:#f0f0f0; font-family: verdana, geneva; font-size: 12px;""> <center> <p><a href=""http://push.yianzf.stream/dental-implants""><img src=""http://push.yianzf.stream/img/e6WorqO.jpg"" alt=""f8f706c3938feec43d1f111ad3c0a047"" /></a></p> </center> <table style=""width: 600px;"" border=""0"" align=""center"" bgcolor=""#3973ac""> <tbody> <tr> <td align=""center""> <p><span style=""font-family: Arial, Helvetica, sans-serif; font-size: 22px; font-weight: normal; color: white;"">Find The</span></p> <p><span style=""font-family: Arial, Helvetica, sans-serif; font-size: 28px; font-weight: bold; color: white;"">BEST OFFERS ON DENTAL IMPLANTS NOW!</span></p> <p style=""font-family: Open Sans, sans-serif; font-size: 26px; width: 300pt; padding: 10px; background-color: #ff8c00; border-radius: 18px;""><a style=""color: #f4f5f5; "" href=""http://push.yianzf.stream/dental-implants""><b>Search for Dental Implant Offers</b></a></p> </td> </tr> </tbody> </table>  <center> <p><span style=""font-size: 18px; font-family: helvetica;""><b>Did you know that dental implants are the next best thing<br> to your natural healthy teeth?</b></span></p> <p><span style=""font-size: 14px; font-family: helvetica;"">Over the last 23 years there have been significant improvements in the field of dental implants.</span></p> <p><span style=""font-size: 14px; font-family: helvetica;"">They are now considered a long term solution and can help you eat, chew, smile, and talk.<br> Plus they look completely natural.</span></p> <!-- Click Link with Highlighted Keyword --> <p><span style=""font-family: arial, helvetica, sans-serif; font-size: medium;"">Search for <a href=""http://push.yianzf.stream/dental-implants"">Dental Implant</a> Offers</span></p></p> <p><br /><br /><br /><br /><br /><br /><br /><br /></p> <p><a href=""http://push.yianzf.stream/disallow""><img src=""http://push.yianzf.stream/img/RoJBYTj.jpg"" alt=""f8f706c3938feec43d1f111ad3c0a047"" /></a></p> </center>  </body> </html>"
spamdata_untroubled/2017-10/11/1509568191.17404_2567.txt,Subject: 13209943331998," From: =?UTF-8?B?44Kk44Oz44OV44Kp44Oh44O844K344On44Oz?= <info@yu9eetml.com> Date: Wed, 01 Nov 2017 21:35:35 +0900 Message-ID: <9575c3568ad168d528fee18c97911a1364409830> Content-Type: text/html; charset=utf-8 Content-Transfer-Encoding: BASE64 MIME-Version: 1.0  bGlzdHMtZGpiLWV6bWxtQGJydWNlLWd1ZW50ZXIuZHluZG5zLm9yZzxicj4NClBDIE1BTEzjgpLj gZTliKnnlKjkuK3jga7jgYrlrqLmp5jjgbjjgYrnn6XjgonjgZvjgafjgZk8YnI+DQo8YSBocmVm PSJodHRwOi8veXU5ZWV0bWwuY29tL2xvZ19pbmRleC5waHA/cGFnZT1tZXNzX21pcnUmcz0xNTA5 NTM5NzA3JmRkdj0zYThkMjNmZDk5ZTUwZTdmMWIwZGU0YmFjMzM5YjYyZCI+aHR0cDovL3l1OWVl dG1sLmNvbS9PM0tVa3JqZ1Y8L2E+ "
spamdata_untroubled/2017-10/11/1511232153.9916_169.txt,Subject: lists-reiserfs-list@bruce-guenter.dyndns.org," From: =?UTF-8?B?44Kk44Oz44OV44Kp44Oh44O844K344On44Oz?= <info@z5caqfem.com> Date: Tue, 21 Nov 2017 06:20:21 +0900 Message-ID: <e45e597fe73ba34104b2a9562d1a1b49c11ee4d0> Content-Type: text/html; charset=utf-8 Content-Transfer-Encoding: BASE64 MIME-Version: 1.0  UEPjg6Hjg7zjg6vjgpLjgZTliKnnlKjkuK3jga7jgYrlrqLmp5jjgbjjgYrnn6XjgonjgZvjgafj gZk8YnI+DQo8YSBocmVmPSJodHRwOi8vejVjYXFmZW0uY29tL2xvZ19pbmRleC5waHA/cGFnZT1t ZXNzX21pcnUmcz0xNTExMjEyNzUzJmRkdj1jY2Q1N2RhZGQzMjUzYTZmMmY5OGYzMjFkYjY2YzE1 YSI+aHR0cDovL3o1Y2FxZmVtLmNvbS9KMzgvd3VvL2xlRS9GRUxXaHEvRm88L2E+ "
spamdata_untroubled/2017-10/11/1509823269.15846_37.txt,Subject: These chicks are looking for a booty call. View photos inside 16338780," To: <bruce@untroubled.org> Message-ID: <f8f706c3938feec43d1f111ad3c0a047.16338780.1468974@xrhkz.bid> Content-Type: multipart/alternative; boundary=""Part769.f8f706c3938feec43d1f111ad3c0a047"" Content-Transfer-Encoding: 8bit   --Part769.f8f706c3938feec43d1f111ad3c0a047 Content-Type: text/plain  View hot photos of women near you who want to hook up. Exclusively Here: http://postcard.xrhkz.bid/online-datinghookup   First time here and only wish we were closer so we could come here all the time. My husband and I split the beef tenderloin which came with mashed potatoes... We were here on a Friday at 4 pm. Nice atmosphere and we were immediately seated. My wife ordered the liver with onions, mashed potatoes and carrots. I was... My family group of 8 had lunch here (first time visit) and everyone was happy with the food they ordered.  The service by Jasmin was friendly and good.  We... One of our favorite places to eat in the entire state. My husband damn near jumps for joy if we need to go back to my hometown, and demands that we work a... Soooooo tender ribs and brisket. EPICALLY good for small town Minnesota.....Friendly service and all was well. ....Unlimited sides was a big plus too! Loved the... This place is awesome!  We went to Harmony to do the Niagara Cave Tour and stoped for lunch afterwards.  The service was friendly andf8f706c3938feec43d1f111ad3c0a047  --Part769.f8f706c3938feec43d1f111ad3c0a047 Content-Transfer-Encoding: 8bit Content-Type: text/html; charset=""utf-8""  <!DOCTYPE html> <html lang=""en-US""> <head> <meta content=""text/html; charset=utf-8"" http-equiv=""content-type"" /> <meta http-equiv=""Content-Language"" content=""en-us""/> </head> <body> <div> <center> <table style=""width: 675px;"" border=""0""> <tbody> <tr style=""background-color: #000000;""> <td style=""text-align: center;""> <p><span style=""font-family: tahoma, arial, helvetica, sans-serif;""><strong><span style=""color: #ff0000; font-size: x-large;"">WARNING! Must be 18 and older to scroll down</span></strong></span></p> <p><span style=""font-family: tahoma, arial, helvetica, sans-serif;""><strong><span style=""color: #ff0000; font-size: x-large;"">V</span></strong></span></p> <p><span style=""font-family: tahoma, arial, helvetica, sans-serif;""><strong><span style=""color: #ff0000; font-size: x-large;"">V</span></strong></span></p> <p><span style=""font-family: tahoma, arial, helvetica, sans-serif;""><strong><span style=""color: #ff0000; font-size: x-large;"">V</span></strong></span></p> </td> </tr> <tr> <td> <p><br><br></p> <p style=""text-align: center;""><strong><span style=""font-family: tahoma, arial, helvetica, sans-serif; font-size: medium; color: #ff00ff;"">These chicks are looking for casual sex and discreet affairs.</span></strong></p> <p style=""text-align: center;""><span style=""font-family: tahoma, arial, helvetica, sans-serif; font-size: medium;"">You may recognize them from places like work, the market, or the gym.</span></p> <p style=""text-align: center;""><span style=""font-family: tahoma, arial, helvetica, sans-serif; font-size: medium;""><a href=""http://postcard.xrhkz.bid/online-datinghookup"">These sexy girls</a> could even be your neighbors.</span></p> <p style=""text-align: center;""><span style=""font-family: tahoma, arial, helvetica, sans-serif; font-size: medium;"">IMPORTANT: Registration is 100% FREE and available for a limited time. Take advantage of this offer before it disappears!</span></p> </td> </tr> <tr> <td style=""text-align: center;""> <p><a href=""http://postcard.xrhkz.bid/online-datinghookup""><img src=""http://postcard.xrhkz.bid/photo01"" alt=""View Profiles f8f706c3938feec43d1f111ad3c0a047"" width=""673"" height=""249"" /></a></p> <p><span style=""text-decoration: underline;""><strong><span style=""font-family: tahoma, arial, helvetica, sans-serif; font-size: large;""><a href=""http://postcard.xrhkz.bid/online-datinghookup""><span style=""color: #ff00ff; text-decoration: underline;"">Check Out Other Profiles</span></a></span></strong></span></p> </td> </tr> </tbody> </table> <p><br><br><br><br><br><br><br><br><br><br><a href=""http://postcard.xrhkz.bid/deny""><img src=""http://postcard.xrhkz.bid/unsubmain21"" alt=""f8f706c3938feec43d1f111ad3c0a047"" /></a></p> <p style=""visibility:hidden; ""><br><br><br><br><br><br><br><span style=""font-family: verdana, geneva; font-size: 8px; font-weight: bold; vertical-align: top; text-align: left;"">First time here and only wish we were closer so we could come here all the time. My husband and I split the beef tenderloin which came with mashed potatoes... We were here on a Friday at 4 pm. Nice atmosphere and we were immediately seated. My wife ordered the liver with onions, mashed potatoes and carrots. I was... My family group of 8 had lunch here (first time visit) and everyone was happy with the food they ordered.  The service by Jasmin was friendly and good.  We... One of our favorite places to eat in the entire state. My husband damn near jumps for joy if we need to go back to my hometown, and demands that we work a... Soooooo tender ribs and brisket. EPICALLY good for small town Minnesota.....Friendly service and all was well. ....Unlimited sides was a big plus too! Loved the... This place is awesome!  We went to Harmony to do the Niagara Cave Tour and stoped for lunch afterwards.  The service was friendly and welcoming, the food... If based on atmosphere and service alone, then it's absolutely 5 stars. Devin was a fantastic server, knowledgeable, attentive, but not too attentive (which... Great breakfast. Southern skillet (only needed 1/2 order) made me proud to be a 'Merican. Less than $5 too! We stopped by this place after a trip to the Mystery Cave.....The service and food were good.  The food came out quickly and the portions were a good size.... My daughters and I were passing through town and stopped for lunch at this quaint  place. Food was delicious and the atmosphere perfect and the service... I haven't eaten here before and decided to drop in for breakfast. The facility is very nice, with an open concept where you can see the kitchen staff.  You... Cheeseburger was delicious!! Homemade/handmade fries \u0026 chips too. We will be back! ....(Only thing missing is WiFi. Terrible reception in the building.) Venezia's Garden is one of the best Italian restaurants I've been to.  I've been there a handful of times wit h only one hiccup. This last time, I was... My wife and I came here for the first time for our 17th Anniversary and let me tell you that one word comes to mind, phenomenal!! My wife had the Chicken... The best fried fish plate!   Crisp and perfectly fried.  Lots of call in orders and people dining in   Obviously a local favorite.  ....Very informal.   Come... This is my favorite restaurant in Brazoria County! The food is always fresh, served quickly and with great service. I have tried almost everything  on the... Finally a great restaurant with outstanding food, desserts and service in Lake Jackson. ..Big portions, excellently seasoned food. ..No complaints at all.... My wife and I ventured to Needville this evening and enjoyed the best homestyle cooked meal in Southeast TX. Started our meal of with great appetizer of....f8f706c3938feec43d1f111ad3c0a047</span></p>  </div> <img src=""http://postcard.xrhkz.bid/trace40/?email=bruce@untroubled.org&sid=fbgi"" alt="""" />  </body> </html>  --Part769.f8f706c3938feec43d1f111ad3c0a047--"
spamdata_untroubled/2017-10/11/1510532660.4167_1419.txt,Subject: lists-bikini@bruce-guenter.dyndns.org," From: =?UTF-8?B?44Kk44Oz44OV44Kp44Oh44O844K344On44Oz?= <info@vc84sric.com> Date: Sun, 12 Nov 2017 10:32:16 +0900 Message-ID: <4cdab7504aa2b15012ce708ed3c62c3fc4feb5b8> Content-Type: text/html; charset=utf-8 Content-Transfer-Encoding: BASE64 MIME-Version: 1.0  44OR44K944Kz44Oz44Oh44O844Or44KS44GU5Yip55So5Lit44Gu44GK5a6i5qeY44G444GK55+l 44KJ44Gb44Gn44GZPGJyPg0KPGEgaHJlZj0iaHR0cDovL3ZjODRzcmljLmNvbS9sb2dfaW5kZXgu cGhwP3BhZ2U9bWVzc19taXJ1JnM9MTUxMDQ1MDE0OCZkZHY9ZDQ3MzMxZmY5MTY0ZDRhYzA1MjI0 YzMwOTZjZDAyYzEiPmh0dHA6Ly92Yzg0c3JpYy5jb20vQ0kvbndLNThEaFV3NU08L2E+ "
spamdata_untroubled/2017-10/11/1511035920.28683_3603.txt,Subject: =?UTF-8?B?5oyv6L685a6M5LqG6YCa55+l44CQMTDkuIflhobliIbjgJE=?=," From: =?UTF-8?B?4piG?= <mailmaster@fut-----ure2o50.com> Date: Sat, 18 Nov 2017 20:03:14 +0900 Message-ID: <nbyClsYgrPoHEhpgkS@MmlAIoAzUqlIWhNxrG> Content-Type: text/plain; charset=UTF-8 Content-Transfer-Encoding: 7bit MIME-Version: 1.0  http://fut-----ure2o50.com/2QU1N "
spamdata_untroubled/2017-10/11/1511035893.28676_1009.txt,Subject: =?UTF-8?B?44CQ552A5L+h44GC44KK44CR?=," From: =?UTF-8?B?44GK55+l44KJ44Gb?= <mailmaster@gt783kk6.com> Date: Sat, 18 Nov 2017 14:37:21 +0900 Message-ID: <31c37b56d7b3fe7ff4db67273dd1b76392bbe6d4> Content-Type: text/html; charset=utf-8 Content-Transfer-Encoding: BASE64 MIME-Version: 1.0  PGEgaHJlZj0iaHR0cDovL2d0Nzgza2s2LmNvbS9sb2dfaW5kZXgucGhwP3BhZ2U9bWVzc19taXJ1 JnM9MTUxMDk4MzI0NyZjaWQ9MTIzMjImbWlkPTIxMDk4NzgmZGR2PTEwMDAxNjZkYjUxNTk4MDk1 YmY1YTIwNmVhOTRiNGQ2Ij5odHRwOi8vZ3Q3ODNrazYuY29tL1BIL2FuL3hvbzVyOE0vOXk8L2E+ PGJyPg0K772h4pSc4ois44CC77+j4oySPOKUoOKWvMO344CD4pSM "
spamdata_untroubled/2017-10/11/1509644351.4177_953.txt
spamdata_untroubled/2017-10/11/1510871670.12248_315.txt
spamdata_untroubled/2017-10/11/1509568203.17404_8333.txt
spamdata_untroubled/2017-10/11/1509568198.17404_5621.txt
spamdata_untroubled/2017-10/11/1510868199.30126_375.txt
spamdata_untroubled/2017-10/11/1510780775.12248_55.txt
spamdata_untroubled/2017-10/11/1509568191.17404_2567.txt
spamdata_untroubled/2017-10/11/1511232153.9916_169.txt
spamdata_untroubled/2017-10/11/1509823269.15846_37.txt
spamdata_untroubled/2017-10/11/1510532660.4167_1419.txt
spamdata_untroubled/2017-10/11/1511035920.28683_3603.txt
spamdata_untroubled/2017-10/11/1511035893.28676_1009.txt
